{
  "scenario": "поява нового типу ідентифікатора (IBAN), 33% позитивів тесту",
  "GA-rules": {
    "before": {
      "mean": 0.7804732636874875,
      "std": 0.031844007755136905
    },
    "patched": {
      "mean": 0.8272395014175036,
      "std": 0.0342960250428401
    }
  },
  "RandomForest": {
    "before": {
      "mean": 0.7780081826370898,
      "std": 0.000503767980614968
    },
    "after_nolabel": {
      "mean": 0.7780081826370898,
      "std": 0.000503767980614968
    }
  },
  "LinearSVM": {
    "before": {
      "mean": 0.8312640918684253,
      "std": 0.003574112085241644
    },
    "after_nolabel": {
      "mean": 0.8312640918684253,
      "std": 0.003574112085241644
    }
  },
  "LogisticRegression": {
    "before": {
      "mean": 0.8312096149322339,
      "std": 0.000772566600589133
    },
    "after_nolabel": {
      "mean": 0.8312096149322339,
      "std": 0.000772566600589133
    }
  },
  "rf_catchup_labeled": {
    "10": {
      "mean": 0.7905798904367188,
      "std": 0.0057166488291373
    },
    "50": {
      "mean": 0.8504952804970317,
      "std": 0.01043702276320572
    },
    "200": {
      "mean": 0.940764772099059,
      "std": 0.0028724866758786504
    }
  },
  "iban_recall": {
    "GA-patched": {
      "mean": 1.0,
      "std": 0.0
    },
    "RF": {
      "mean": 0.22745091754015237,
      "std": 0.024369328854569834
    }
  }
}