{
  "ai4privacy_pii": {
    "RandomForest": {
      "f1": {
        "mean": 0.856378071094635,
        "std": 0.014611326326204533
      },
      "precision": {
        "mean": 0.9308806054584465,
        "std": 0.015802809270861175
      },
      "recall": {
        "mean": 0.7933333333333333,
        "std": 0.02245365597551247
      },
      "fit_time": {
        "mean": 1.2962468000001537,
        "std": 0.05367191487864002
      },
      "predict_time_per_1k": {
        "mean": 0.034734199999547855,
        "std": 0.000652318694296142
      }
    },
    "GradientBoosting": {
      "f1": {
        "mean": 0.8402249476726397,
        "std": 0.018789551515376094
      },
      "precision": {
        "mean": 0.9247630351212607,
        "std": 0.012407159332857926
      },
      "recall": {
        "mean": 0.7699999999999999,
        "std": 0.023775571029478512
      },
      "fit_time": {
        "mean": 1.1885539400002016,
        "std": 0.03759354243715647
      },
      "predict_time_per_1k": {
        "mean": 0.001725374999750784,
        "std": 0.0001751651545623375
      }
    },
    "LinearSVM": {
      "f1": {
        "mean": 0.8495646976140279,
        "std": 0.009322697442166041
      },
      "precision": {
        "mean": 0.9112737285492708,
        "std": 0.004250323906822383
      },
      "recall": {
        "mean": 0.7958333333333332,
        "std": 0.01581138830084189
      },
      "fit_time": {
        "mean": 0.007221339999887277,
        "std": 0.00026706275402685553
      },
      "predict_time_per_1k": {
        "mean": 0.0005360249997465871,
        "std": 4.7692531136555734e-05
      }
    },
    "LogisticRegression": {
      "f1": {
        "mean": 0.8448058761153063,
        "std": 0.008497294720910159
      },
      "precision": {
        "mean": 0.9336355494040947,
        "std": 0.00807578019028838
      },
      "recall": {
        "mean": 0.7716666666666666,
        "std": 0.0163299316185545
      },
      "fit_time": {
        "mean": 0.01573545999963244,
        "std": 0.0016061463796673441
      },
      "predict_time_per_1k": {
        "mean": 0.0005068999994364276,
        "std": 0.00010451858113715026
      }
    },
    "NaiveBayes": {
      "f1": {
        "mean": 0.8194455674243706,
        "std": 0.008357460634957124
      },
      "precision": {
        "mean": 0.8886681996554883,
        "std": 0.013973399946243706
      },
      "recall": {
        "mean": 0.7608333333333334,
        "std": 0.021015867021530833
      },
      "fit_time": {
        "mean": 0.002273299999797018,
        "std": 0.00019713119559863076
      },
      "predict_time_per_1k": {
        "mean": 0.0005162999996173312,
        "std": 3.3249491723650194e-05
      }
    },
    "GA-rules": {
      "f1": {
        "mean": 0.7741927249797766,
        "std": 0.013446718338656403
      },
      "precision": {
        "mean": 0.7914565355441616,
        "std": 0.06628646260500905
      },
      "recall": {
        "mean": 0.765,
        "std": 0.047110980083675216
      },
      "fit_time": {
        "mean": 20.92898639999985,
        "std": 5.342637029861598
      },
      "predict_time_per_1k": {
        "mean": 0.00012252499982423615,
        "std": 1.8784867502808542e-05
      },
      "interpretability": {
        "n_rules": {
          "mean": 7.6,
          "std": 0.7999999999999999
        },
        "avg_conds": {
          "mean": 2.125,
          "std": 0.3535533905932738
        },
        "share_pos_explained_le2_rules": {
          "mean": 0.9514212184481237,
          "std": 0.032945248462271794
        }
      },
      "example_rules": [
        "IF meta_digit_ratio > 0.0635 AND pat_card_like > 0.144 THEN confidential",
        "IF kw_credential > 0.304 THEN confidential",
        "IF pat_crypto > 0.124 AND kw_credential < 1e-09 THEN confidential",
        "IF account > 0.0648 AND meta_len > 0.142 AND kw_credential < 1e-09 THEN confidential",
        "IF card > 0.0224 THEN confidential",
        "IF using > 0.0444 AND meta_digit_ratio < 0.0455 AND password < 1e-09 THEN confidential",
        "IF pat_ssn > 0.0455 THEN confidential",
        "IF payment > 0.0267 AND payments < 1e-09 AND kw_credential < 1e-09 THEN confidential"
      ]
    }
  },
  "20ng_binary": {
    "RandomForest": {
      "f1": {
        "mean": 0.6644321500405294,
        "std": 0.021103665455542236
      },
      "precision": {
        "mean": 0.8282561271019286,
        "std": 0.035910878748149355
      },
      "recall": {
        "mean": 0.5569771791994015,
        "std": 0.03775468994812033
      },
      "fit_time": {
        "mean": 1.6591352799998276,
        "std": 0.04185087912477825
      },
      "predict_time_per_1k": {
        "mean": 0.03830507500060776,
        "std": 0.002368719873448003
      }
    },
    "GradientBoosting": {
      "f1": {
        "mean": 0.604808796329759,
        "std": 0.020274248444562628
      },
      "precision": {
        "mean": 0.8726750214961534,
        "std": 0.020592384775489005
      },
      "recall": {
        "mean": 0.46372478998741623,
        "std": 0.026601931915080083
      },
      "fit_time": {
        "mean": 1.7751591000000189,
        "std": 0.018320930110096372
      },
      "predict_time_per_1k": {
        "mean": 0.0028098249999857217,
        "std": 0.0012429258235108313
      }
    },
    "LinearSVM": {
      "f1": {
        "mean": 0.703120082178238,
        "std": 0.02223971853105307
      },
      "precision": {
        "mean": 0.7667032153302059,
        "std": 0.027969451138525798
      },
      "recall": {
        "mean": 0.6501989592898684,
        "std": 0.02936246172029168
      },
      "fit_time": {
        "mean": 0.017023540000081994,
        "std": 0.0030046496188415326
      },
      "predict_time_per_1k": {
        "mean": 0.0006284000005507551,
        "std": 2.378896795179038e-05
      }
    },
    "LogisticRegression": {
      "f1": {
        "mean": 0.6637963269125902,
        "std": 0.027396324976002324
      },
      "precision": {
        "mean": 0.8350313273795187,
        "std": 0.022604333021640353
      },
      "recall": {
        "mean": 0.5528687548889569,
        "std": 0.041795042334119896
      },
      "fit_time": {
        "mean": 0.07200453999976161,
        "std": 0.007401311242152114
      },
      "predict_time_per_1k": {
        "mean": 0.0005734999999731372,
        "std": 1.630394896710546e-05
      }
    },
    "NaiveBayes": {
      "f1": {
        "mean": 0.6747056667383461,
        "std": 0.019227141322877297
      },
      "precision": {
        "mean": 0.7356165867583269,
        "std": 0.05021184627873383
      },
      "recall": {
        "mean": 0.6270584634220998,
        "std": 0.03803209013923701
      },
      "fit_time": {
        "mean": 0.002608959999997751,
        "std": 0.00032296227328729106
      },
      "predict_time_per_1k": {
        "mean": 0.0005949750002400833,
        "std": 3.0265326875248917e-05
      }
    },
    "GA-rules": {
      "f1": {
        "mean": 0.5575598779778754,
        "std": 0.024825400207170088
      },
      "precision": {
        "mean": 0.40932270155917977,
        "std": 0.02377135003312095
      },
      "recall": {
        "mean": 0.8754140733938713,
        "std": 0.016768474871396193
      },
      "fit_time": {
        "mean": 17.725469499999964,
        "std": 4.007322643292407
      },
      "predict_time_per_1k": {
        "mean": 9.43000004554051e-05,
        "std": 3.7609224269239286e-05
      },
      "interpretability": {
        "n_rules": {
          "mean": 5.0,
          "std": 2.1908902300206643
        },
        "avg_conds": {
          "mean": 2.5,
          "std": 0.6519202405202649
        },
        "share_pos_explained_le2_rules": {
          "mean": 0.985606805841355,
          "std": 0.011411085559925397
        }
      },