{
  "abrupt": {
    "KS+confirm (proposed)": {
      "precision_mean": 0.86,
      "precision_std": 0.14628738838327796,
      "recall_mean": 1.0,
      "recall_std": 0.0,
      "f1_mean": 0.9178571428571429,
      "f1_std": 0.08755464765808048,
      "mean_delay_mean": 275.0,
      "mean_delay_std": 35.35533905932738,
      "n_alarms_mean": 3.6,
      "n_alarms_std": 0.66332495807108,
      "false_alarms_mean": 0.6,
      "false_alarms_std": 0.66332495807108
    },
    "KS no-confirm": {
      "precision_mean": 0.6125,
      "precision_std": 0.1125,
      "recall_mean": 1.0,
      "recall_std": 0.0,
      "f1_mean": 0.7533549783549783,
      "f1_std": 0.09116441418241628,
      "mean_delay_mean": 150.0,
      "mean_delay_std": 37.080992435478315,
      "n_alarms_mean": 5.1,
      "n_alarms_std": 1.1357816691600546,
      "false_alarms_mean": 2.1,
      "false_alarms_std": 1.1357816691600546
    },
    "adwin": {
      "precision_mean": 0.4666666666666666,
      "precision_std": 0.3559026084010437,
      "recall_mean": 0.3333333333333333,
      "recall_std": 0.25819888974716115,
      "f1_mean": 0.3866666666666666,
      "f1_std": 0.29484459183327977,
      "mean_delay_mean": 208.14285714285714,
      "mean_delay_std": 81.0985794686734,
      "n_alarms_mean": 1.8,
      "n_alarms_std": 0.7483314773547883,
      "false_alarms_mean": 0.8,
      "false_alarms_std": 0.6000000000000001
    },
    "ddm": {
      "precision_mean": 0.24,
      "precision_std": 0.397994974842648,
      "recall_mean": 0.1,
      "recall_std": 0.15275252316519466,
      "f1_mean": 0.13636363636363635,
      "f1_std": 0.2112536370658591,
      "mean_delay_mean": 351.3333333333333,
      "mean_delay_std": 80.65702421708573,
      "n_alarms_mean": 1.7,
      "n_alarms_std": 1.676305461424021,
      "false_alarms_mean": 1.3,
      "false_alarms_std": 1.4866068747318506
    },
    "eddm": {
      "precision_mean": 0.1285313662945242,
      "precision_std": 0.0928663144039165,
      "recall_mean": 0.4333333333333333,
      "recall_std": 0.36666666666666664,
      "f1_mean": 0.19321332339976408,
      "f1_std": 0.14137431452312935,
      "mean_delay_mean": 74.80952380952382,
      "mean_delay_std": 41.64050879599234,
      "n_alarms_mean": 25.1,
      "n_alarms_std": 15.959009994357418,
      "false_alarms_mean": 20.9,
      "false_alarms_std": 12.565428763078481
    },
    "kswin": {
      "precision_mean": 0.275,
      "precision_std": 0.3944933459514875,
      "recall_mean": 0.13333333333333333,
      "recall_std": 0.1632993161855452,
      "f1_mean": 0.1685714285714286,
      "f1_std": 0.21388534025386174,
      "mean_delay_mean": 85.0,
      "mean_delay_std": 95.88274088698132,
      "n_alarms_mean": 1.4,
      "n_alarms_std": 1.2806248474865698,
      "false_alarms_mean": 1.0,
      "false_alarms_std": 1.1832159566199232
    }
  },
  "gradual": {
    "KS+confirm (proposed)": {
      "precision_mean": 0.885,
      "precision_std": 0.1467140075112121,
      "recall_mean": 1.0,
      "recall_std": 0.0,
      "f1_mean": 0.9321428571428572,
      "f1_std": 0.0881354477089505,
      "mean_delay_mean": 340.0,
      "mean_delay_std": 20.0,
      "n_alarms_mean": 3.5,
      "n_alarms_std": 0.6708203932499369,
      "false_alarms_mean": 0.5,
      "false_alarms_std": 0.6708203932499369
    },
    "KS no-confirm": {
      "precision_mean": 0.7560714285714286,
      "precision_std": 0.17883191318834338,
      "recall_mean": 1.0,
      "recall_std": 0.0,
      "f1_mean": 0.8481818181818183,
      "f1_std": 0.12789973020148915,
      "mean_delay_mean": 190.0,
      "mean_delay_std": 88.88194417315589,
      "n_alarms_mean": 5.8,
      "n_alarms_std": 1.16619037896906,
      "false_alarms_mean": 1.6,
      "false_alarms_std": 1.42828568570857
    },
    "adwin": {
      "precision_mean": 0.775,
      "precision_std": 0.325,
      "recall_mean": 0.6,
      "recall_std": 0.32659863237109044,
      "f1_mean": 0.6605882352941176,
      "f1_std": 0.3137677054930616,
      "mean_delay_mean": 561.2222222222222,
      "mean_delay_std": 279.64068656089177,
      "n_alarms_mean": 2.2,
      "n_alarms_std": 1.077032961426901,
      "false_alarms_mean": 0.3,
      "false_alarms_std": 0.45825756949558394
    },
    "ddm": {
      "precision_mean": 0.52,
      "precision_std": 0.4578209256903839,
      "recall_mean": 0.29999999999999993,
      "recall_std": 0.27688746209726917,
      "f1_mean": 0.3527272727272727,
      "f1_std": 0.30409872255215287,
      "mean_delay_mean": 402.6666666666667,
      "mean_delay_std": 255.2081938775129,
      "n_alarms_mean": 2.1,
      "n_alarms_std": 1.9209372712298547,
      "false_alarms_mean": 0.7,
      "false_alarms_std": 1.1874342087037917
    },
    "eddm": {
      "precision_mean": 0.19339202815422327,
      "precision_std": 0.1586063878292451,
      "recall_mean": 0.5,
      "recall_std": 0.3073181485764296,
      "f1_mean": 0.2637895957634032,
      "f1_std": 0.19352794931425613,
      "mean_delay_mean": 206.64583333333334,
      "mean_delay_std": 211.12457547980478,
      "n_alarms_mean": 25.5,
      "n_alarms_std": 13.966030216206752,
      "false_alarms_mean": 19.1,
      "false_alarms_std": 9.7
    },
    "kswin": {
      "precision_mean": 0.3333333333333333,
      "precision_std": 0.3872983346207417,
      "recall_mean": 0.16666666666666666,
      "recall_std": 0.16666666666666669,
      "f1_mean": 0.21333333333333332,
      "f1_std": 0.2181742422927143,
      "mean_delay_mean": 395.8,
      "mean_delay_std": 301.7491673559349,
      "n_alarms_mean": 1.6,
      "n_alarms_std": 1.2000000000000002,
      "false_alarms_mean": 1.0,
      "false_alarms_std": 0.8944271909999159
    }
  },
  "n_streams": 10,
  "n_concepts": 4,
  "seg_len": 3000,
  "tolerance": {
    "abrupt": 500,
    "gradual": 1200
  }
}