{
  "static": {
    "mean": 0.4837714285714285,
    "std": 0.050978083414955196,
    "runs": [
      0.5293333333333333,
      0.5159047619047619,
      0.5295238095238095,
      0.4127619047619048,
      0.43133333333333335
    ]
  },
  "adaptive": {
    "mean": 0.7622285714285713,
    "std": 0.03150170999209892,
    "runs": [
      0.7713333333333333,
      0.7920952380952381,
      0.7861904761904762,
      0.7575238095238095,
      0.704
    ]
  },
  "incremental": {
    "mean": 0.7391238095238094,
    "std": 0.01820950388522521,
    "runs": [
      0.7561904761904762,
      0.7411428571428571,
      0.7475238095238095,
      0.7467619047619047,
      0.704
    ]
  },
  "improvement_vs_static_pct": 57.559650366170544
}